WKT,name,description
"LINESTRING (-121.824768425  37.41414942, -121.82291985067268  37.41260215344127, -121.82280479866809  37.41265377912709, -121.82255975548752  37.41279475822886, -121.82217355645521  37.4130745713664, -121.82190020459903  37.413210349010875, -121.82183997352142  37.41322935863994, -121.8215194102852  37.41327875410723, -121.82007696479312  37.41328449429471, -121.81989284175941  37.41323137225732, -121.81987115906736  37.41332031466557, -121.81915062232352  37.41627583782321, -121.81859293462396  37.418563311511946, -121.81890412785995  37.4188891935817, -121.81928027010773  37.41925252819287, -121.82057650224398  37.41931229121635, -121.82135877468802  37.41914956026679)", "nolaSouth",